Facility Name,Latitude (degrees),Longitude (degrees),2022 CO2 Emissions (tons)
23rd and 3rd,40.663,-74,75440
48th Street Peaking Station,42.7553,-86.0853,60554
74th Street,40.768,-73.9515,222313
A B Brown Generating Station,37.9053,-87.715,3602013
AES Alamitos,33.7688,-118.1009,1935817
AES Huntington Beach,33.6436,-117.9788,1692619
AES Redondo Beach,33.8504,-118.395,217827
AES Warrior Run,39.5944,-78.7456,1537259
AL Sandersville Energy Facility,33.1189,-82.8608,114946
AMEA Sylacauga Plant,33.1661,-86.2825,60630
AMP-Ohio Gas Turbines Bowling Green,41.3989,-83.6411,931
AMP-Ohio Gas Turbines Galion,40.7167,-82.789,786
AMP-Ohio Gas Turbines Napoleon,41.4077,-84.1092,980
APS Saguaro Power Plant,32.5517,-111.3,48567
APS West Phoenix Power Plant,33.4417,-112.1583,852722
Aberdeen Generating Station,45.4287,-98.4932,37714
Acadia Power Station,30.4284,-92.4112,2251893
Ackerman Combined Cycle Plant,33.3806,-89.2039,1780488
Afton Generating Station,32.1134,-106.848,401251
Agua Fria Generating Station,33.5542,-112.2161,88629
Agua Mansa Power,34.0414,-117.3603,8593
Air Liquide Bayport Complex,29.6225,-95.0458,1910220
Albany Green Energy LLC,31.5492,-84.1114,762272
Alcoa Allowance Management Inc,37.915,-87.3328,5535848
Alfred L Pierce Generating Station,41.4485,-72.834,2353
Algonquin Power Sanger,36.72,-119.55,77826
Allegany Station No. 133,42.5083,-78.0661,21281
Allen,35.0742,-90.1439,2108289
Allen S King,45.03,-92.7786,1383768
Almond Power Plant,37.5739,-120.9854,181000
Alpine Power Plant,45.0624,-84.8261,575261
Alsey Station,39.5697,-90.4362,30352
Altavista Power Station,37.1183,-79.2726,553252
Ames,42.0247,-93.6069,271246
Anadarko,35.0847,-98.23,150982
Anclote,28.1844,-82.7887,1492957
Anderson,40.0529,-85.7389,31463
Androscoggin Energy,44.5047,-70.2403,314284
Angus Anson,43.6033,-96.6369,87388
Antelope Elk Energy Center,33.8657,-101.8437,429653
Antelope Valley,47.3714,-101.8344,7187929
Apache Station,32.0619,-109.8931,1861522
Apex Generating Station,36.4178,-114.9622,1098604
Arapahoe Combustion Turbine Facility,39.6692,-105.0018,124049
Arlington Valley Energy Facility,33.3417,-112.8897,1178852
"Armstrong Power, LLC",40.6383,-79.3503,812920
Arsenal Hill Power Plant,32.5181,-93.7611,1353724
Arthur Kill,40.5915,-74.2027,647470
Arvah B Hopkins,30.4522,-84.4,654883
Asheville,35.4714,-82.5431,1754664
Astoria Energy,40.7825,-73.8964,3207104
Astoria Gas Turbine Power,40.7864,-73.9133,43646
Astoria Generating Station,40.7869,-73.9122,601656
Astoria Station,44.5812,-96.565,110071
Athens Generating Company,42.2728,-73.8492,1684729
Attala Generating Plant,33.0142,-89.6758,1414334
Audrain Power Plant,39.3092,-91.5369,173054
Aurora,41.8151,-88.2265,209761
Avon Lake Power Plant,41.5042,-82.05,472375
Bacliff Generating Station,29.4922,-94.9844,106351
Baconton Power,31.3869,-84.0819,88114
Badger Creek Limited,35.4837,-119.0299,18201
Baldwin Energy Complex,38.205,-89.855,6583249
Barney M. Davis,27.6067,-97.3119,682130
Barre Generating Station,33.8073,-117.9833,14103
Barry,31.0069,-88.0103,7588387
Bastrop Clean Energy Center,30.1458,-97.55,1218141
Batavia Energy,42.9828,-78.1592,1346
Batesville Generation Facility,34.3345,-89.9272,1829450
Baxter Wilson,32.2831,-90.9306,202458
Bay Front,46.5869,-90.9017,302081
Bay Shore,41.6925,-83.4375,1285518
Bayonne Energy Center,40.6529,-74.0916,676693
Bayou Cove Peaking Power Plant,30.2825,-92.5994,99154
Bayside Power Station,27.9072,-82.4231,3251977
Bayswater Peaking Facility,40.6106,-73.7614,75482
Baytown Energy Center,29.7731,-94.9019,1201796
Bear Garden Generating Station,37.6961,-78.2848,1018087
Bear Mountain Limited,35.4192,-118.9266,54233
Beatrice,40.3286,-96.8067,216812
"Beaver Falls, LLC",43.8861,-75.4342,3029
Belews Creek,36.2811,-80.0603,6489831
Belle River,42.7748,-82.4945,7441135
Bellingham,42.0925,-71.4833,112676
Bellingham Power Generation LLC,42.1113,-71.4529,1040514
Bennett Mountain Power Project,43.147,-115.6671,159679
Bergen Generating Station,40.8375,-74.0244,974487
Berkshire Power,42.0476,-72.6478,232880
Bethlehem Energy Center (Albany),42.5905,-73.7636,2092758
Bethlehem Power Plant,40.6175,-75.3147,2086538
Bethpage Energy Center,40.7469,-73.4994,269384
Big Bend,27.7944,-82.4036,2608596
Big Cajun 1,30.6736,-91.3525,110747
Big Cajun 2,30.7261,-91.3669,4218989
Big Sandy,38.1707,-82.6176,313359
Big Sandy Peaker Plant,38.3441,-82.5938,165579
Big Stone,45.3047,-96.5103,2390423
Birdsboro Power,40.2683,-75.8,1152050
Black Dog,44.8108,-93.2501,396143
Black Mountain Generating Station,35.0361,-114.1594,58314
"Black River Generation, LLC",44.0361,-75.7712,506983
Blackhawk Station,35.6957,-101.36,1067910
Blackstone Power Generation LLC,42.0575,-71.5172,1152764
Blewett,34.9815,-79.8771,1039
Blount Street,43.0792,-89.3739,22679
Blue Lake Generating Plant,44.7855,-93.4315,68359
Blue Spruce Energy Center,39.7436,-104.68,278092
Blue Water Energy Center,42.7763,-82.4813,1854681
Bluegrass Generating Station,38.3902,-85.4133,140476
Bluffview Power Plant,36.7164,-108.2153,137927
Blythe Energy,33.6157,-114.6865,722493
Bosque County Power Plant,31.8594,-97.3586,1937207
Boswell Energy Center,47.2603,-93.6531,5877964
Bowen,34.1256,-84.9192,9260206
Bowline Generating Station,41.2044,-73.9689,905396
Braes Bayou Plant,29.4803,-95.6203,111460
Brame Energy Center,31.395,-92.7167,6245322
Brandon Shores,39.1792,-76.5383,2426033
Brandy Branch,30.3206,-81.9486,1985718
Brandywine Power Facility,38.6681,-76.8678,230314
"Brazos Valley Energy, LP",29.4731,-95.6244,1480662
Brentwood,40.787,-73.2933,43154
Bridgeport Energy,41.1692,-73.1844,1072267
Bridgeport Harbor Station,41.1706,-73.1843,1361348
Broad River Energy Center,35.0786,-81.575,733783
Brooklyn Navy Yard Cogeneration,40.6994,-73.9758,986817
Brownsville Combustion Turbine Plant,35.5438,-89.198,275664
"Brunner Island, LLC",40.097,-76.6962,3013203
Brunot Island Power Station,40.4638,-80.044,37501
Brunswick County Power Station,36.7637,-77.7112,3041844
Brush Power Projects,40.2415,-103.631,85316
Buchanan Units 1 & 2,37.1753,-81.9617,187385
Buck,35.7133,-80.3767,2039544
Bucksport Generation LLC,44.5739,-68.8033,7243
Bull Run,36.0211,-84.1567,1269525
Burgess BioPower,44.4719,-71.1753,914113
Burlington (IA),40.7412,-91.1168,19137
Burlington Generating Station,40.0753,-74.8781,34476
C D McIntosh Jr Power Plant,28.0809,-81.9256,1009249
C W Burdick,40.9228,-98.3269,11674
C. C. Perry K Steam Plant,39.7622,-86.1667,52377
C. R. Wing Cogeneration Plant,32.2722,-101.4222,113053
"CPV Fairview, LLC",40.4125,-78.8561,2881794
CPV St. Charles Energy Center,38.5686,-76.8919,1598240
CPV Towantic Energy Center,41.4841,-73.1229,1905602
Cabrillo Power I Encina Power Station,33.1408,-117.3342,210777
CalPeak Power - Border,32.5622,-116.9433,11542
CalPeak Power - Enterprise,33.1221,-117.117,9866
CalPeak Power - Panoche,36.6531,-120.5797,4682
CalPeak Power - Vaca Dixon,38.3989,-121.9239,8576
Calcasieu Plant,30.1603,-93.3458,109021
Caledonia,33.6464,-88.2717,1959109
Calhoun Generating Facility,33.5883,-85.9731,320610
"Calpine Gilroy Cogen, LP",37.0001,-121.5367,40818
Calpine Hidalgo Energy Center,26.3389,-98.1708,1046258
Calpine Sutter Energy Center,39.0531,-121.6939,1150308
"Calumet Energy Team, LLC",41.6835,-87.5563,5314
Cambridge Station,45.601,-93.2081,21645
"Camden Plant Holding, LLC",39.9175,-75.1192,58107
Campbell Power Plant,38.511,-121.4735,456383
Canaday,40.6941,-99.7005,16135
Canal Station,41.7694,-70.5097,409544
Cane Island,28.2764,-81.533,1587005
Cane Run,38.1828,-85.8894,1826015
Cannon Falls Energy Center,44.5364,-92.9147,119262
Canyon Power Plant,33.8581,-117.8616,89476
Cape Canaveral,28.4694,-80.7642,2079684
Carlls Corner Energy Center,39.4547,-75.2011,13587
Carneys Point,39.6928,-75.4867,473667
Carr Street Generating Station,43.0611,-76.0819,86394
Carroll County Energy,40.6048,-81.0592,2327899
Carson Cogeneration Company,33.8759,-118.2491,14233
Carson Power Plant,38.4461,-121.4614,118644
Carthage Energy,43.9842,-75.6225,1542
Carty Generating Station,45.699,-119.8131,1318681
Carville Energy Center,30.2292,-91.065,1200209
Cascade Creek,44.0322,-92.4908,8258
Cass County Station,40.9472,-95.9667,141779
"Castleton Power, LLC",42.5375,-73.7433,98308
Cayuga,39.9239,-87.4272,4664350
Cedar Bayou,29.7483,-94.9272,1800787
Cedar Bayou 4,29.752,-94.923,1060042
Center Generating Station,33.9297,-118.1047,5589
Central Alabama Gen Station,32.6503,-86.7386,2037886
Centralia,46.7559,-122.8578,4321275
Ceredo Generating Station,38.3681,-82.5339,286044
Chalk Point,38.5444,-76.6861,211718
Chambersburg Units 12 & 13,39.8668,-77.6859,127313
"Chamon Power, LLC",29.8833,-95.1113,92775
Channel Energy Center,29.7189,-95.2319,2385687
Channelview Cogeneration Facility,29.8356,-95.1242,3403882
Chanute 2,37.6953,-95.4586,198541
Charles D Lamb Energy Center,36.8138,-97.1252,100342
Charles Larsen Memorial Power Plant,28.0491,-81.9238,120160
Chattahoochee Energy Facility,33.407,-85.0387,1064997
Chehalis Generation Facility,46.6226,-122.9145,962680
Cherokee,39.8078,-104.9648,2260965
Cherokee County Cogen,35.0727,-81.613,202814
Chesterfield Power Station,37.3822,-77.3833,2388415
Cheswick,40.5383,-79.7906,523380
Chevron Cogenerating Station,30.34,-88.492,351163
Cheyenne Prairie Generating Station,41.1229,-104.7214,132156
Choctaw County Gen,33.2881,-89.4201,1459224
Cholla,34.9394,-110.3033,2957244
Chouteau Power Plant,36.2206,-95.2756,2232152
Chuck Lenzie Generating Station,36.3853,-114.9228,2424451
Chula Vista Energy Center,32.5914,-117.0586,2050
Cimarron River,37.1611,-100.7619,3476
City Water & Light - City of Jonesboro,35.8481,-90.7257,49656
Clark,36.0875,-115.0507,165648
Clayville,39.4245,-75.0201,35021
"Clean Energy Future - Lordstown, LLC",41.1489,-80.8516,2600157
Cleary Flood,41.8653,-71.1061,16972
Cleveland County Generating Facility,35.1706,-81.4161,749729
Cliffside,35.22,-81.7594,3372097
Clifty Creek,38.7383,-85.4192,6494365
Clinch River,36.9333,-82.1997,61148
Clover Power Station,36.8692,-78.7046,734507
Coal Creek,47.3761,-101.1567,9608693
Coffeyville,37.0456,-95.6076,1380
Colbert,34.7439,-87.8486,31753
Coleto Creek,28.7128,-97.2142,3095292
Colorado Bend Energy Center,29.2878,-96.0683,849896
Colorado Bend II,29.2878,-96.0656,2530669
Columbia,43.4864,-89.4203,4868704
Columbia,38.9658,-92.3175,1995
Columbia Energy Center (MO),39.0183,-92.2633,34074
Columbia Energy Center (SC),33.8692,-81.0183,1298576
Colusa Generating Station,39.3648,-122.268,1110571
Colver Green Energy,40.55,-78.8,1016495
Comanche (470),38.2081,-104.5747,6642119
Comanche (8059),34.5431,-98.3244,160736
Commonwealth Chesapeake,37.9892,-75.54,46878
Concord,43.1669,-88.69,159313
Conemaugh,40.3842,-79.0611,5963853
Coolidge Generating Station,32.9175,-111.5041,208123
Cope Station,33.3642,-81.03,1475719
Cordova Energy Company,41.7146,-90.2802,152097
Coronado Generating Station,34.5778,-109.2717,3872914
Corpus Christi Energy Center,27.8139,-97.4283,1225055
Cosumnes Power Plant,38.3383,-121.1239,421493
Cottage Grove Cogeneration,44.7956,-92.9119,295166
Cottonwood Energy Project,30.2588,-93.7353,2931956
Coughlin Power Station,30.8442,-92.2606,1728780
Coyote,47.2217,-101.8139,2787971
Coyote Springs,45.8486,-119.6744,1334368
Craig,40.4627,-107.5912,8703752
Craven County Wood Energy,35.1285,-77.17,500111
Creed Energy Center,38.2419,-121.8551,6776
Crete Energy Park,41.4297,-87.6187,18169
Cricket Valley Energy Center,41.6762,-73.5806,2259599
Cross,33.3692,-80.1119,8411605
Crossroads Energy Center (CPU),34.183,-90.5621,153462
Croydon Generating Station,40.08,-74.8917,21344
Crystal River,28.9594,-82.7003,9619327
Culbertson Station,48.2104,-104.3919,90727
Cumberland,36.3903,-87.6539,8372295
Cumberland Energy Center,39.3757,-74.9654,59017
Cunningham,32.7131,-103.3533,749868
Currant Creek Power Project,39.8223,-111.894,1247554
Curtis H. Stanton Energy Center,28.4836,-81.1686,4902978
Cuyamaca Peak Energy,32.7971,-116.972,8415
D B Wilson,37.4497,-87.0803,2923594
DTE Stockton,37.9416,-121.3273,591163
Dahlberg (Jackson County),34.0386,-83.3972,247079
Dallman,39.7539,-89.6011,1369680
Dan E Karn,43.6425,-83.8431,3642228
Dan River,36.4862,-79.7208,1755710
Daniel Electric Generating Plant,30.5335,-88.5574,6600771
Danskammer Generating Station,41.573,-73.9646,10843
Darby Electric Generating Station,39.7139,-83.1778,249674
Darbytown Combustion Turbine,37.4978,-77.368,48690
Darlington County,34.4185,-80.1657,71207
Dartmouth Power,41.6728,-70.9989,23455
Dave Gates Generating Station,46.1066,-112.8755,276289
Dave Johnston,42.8378,-105.7769,4548651
David M Ratcliffe,32.6538,-88.7574,1748559
Dayton Avenue Substation,42.0269,-93.5828,68
De Moss Petrie Generating Station,32.2511,-110.9889,803
Dean Peakers,42.774,-82.4818,242824
Dearborn Industrial Generation,42.3026,-83.154,1933834
Debary,28.9047,-81.3319,94486
Decatur Energy Center,34.6292,-87.0214,1214726
Decker Creek,30.3036,-97.6128,57531
Deer Creek Station,44.3961,-96.5333,373198
Deer Park Energy Center,29.7153,-95.1361,4212277
Deerhaven,29.7586,-82.3883,521089
Deerhaven Renewable Energy Center,29.7675,-82.3964,909380
"Delano Energy Center, LLC",35.7909,-119.2945,9361
Delaware City Refinery,39.5936,-75.6337,178485
Dell Power Plant,35.8619,-90.0253,1337029
Delray,42.2947,-83.1019,31409
"Delta Energy Center, LLC",38.0167,-121.8439,1697842
Delta Energy Park,42.6906,-84.6578,300042
Depere Energy Center,44.4489,-88.0731,108673
Desert Basin Generating Station,32.9042,-111.7889,658628
Desert Star Energy Center,35.7867,-114.9928,677483
Devon,41.2083,-73.1092,9681
Dickerson,39.2086,-77.4644,84545
Dighton,41.8312,-71.1239,119387
Dogwood Energy Facility,38.7931,-94.3006,810253
Donald Von Raesfeld,37.3767,-121.9508,337092
Doswell Limited Partnership,37.8181,-77.4478,2493716
Doyle Energy Facility,33.8376,-83.6996,99182
Dresden Energy Facility,40.0935,-82.0267,1756107
Dry Fork Station,44.3901,-105.4591,2858056
E B Harris Generating Plant,32.3814,-86.5736,2811036
E C Gaston,33.2442,-86.4567,3823447
E D Edwards,40.5958,-89.6631,2885599
E F Barrett,40.6169,-73.6486,870971
E W Brown,37.7889,-84.7139,1509390
"EFS Parlin Holdings, LLC",40.4586,-74.3327,14275
Eagle Point Power Generation,39.8746,-75.1592,127239
Earl F Wisdom,43.1606,-95.2569,3676
East 12th Street,37.2376,-96.9619,2365
East Bend,38.9031,-84.8511,3405481
East River,40.7281,-73.9742,2142801
Eastman Cogeneration Facility,32.4472,-94.6917,1371794
Ebensburg Power Company,40.455,-78.7472,555118
Ector County Energy Center,32.0694,-102.5856,87044
Eddystone Generating Station,39.858,-75.323,18636
Edge Moor,39.7372,-75.5033,261154
Edgewater (4050),43.715,-87.7094,2260154
Edgewood Energy,40.7861,-73.2931,97561
Edward L Addison Generating Plant,32.911,-84.3059,251827
Edwardsport Generating Station,38.8067,-87.2472,3480711
Effingham Energy Facility,32.2792,-81.2842,1088598
El Cajon Energy Center,32.7971,-116.972,8751
El Centro,32.8022,-115.54,537330
El Segundo,33.9106,-118.425,144861
"Elgin Energy Center, LLC",41.9997,-88.2445,90344
Elizabeth River Combustion Turbine Sta,36.7743,-76.3119,53188
Elk Hills Power,35.2802,-119.4699,1425811
Elk Mound Generating Station,44.9019,-91.5678,28371
Elk River,45.2958,-93.5542,27232
Elm Road Generating Station,42.8445,-87.829,5834960
Elwood Energy Facility,41.4388,-88.1236,107127
Emery Station,43.094,-93.2922,815792
Empire District Elec Co Energy Ctr,37.1385,-94.1041,231004
"Empire Generating Co, LLC",42.6296,-73.749,1439872
Emporia Energy Center,38.4464,-96.0651,277104
Encogen Generating Station,48.746,-122.486,225515
Energy Center Dover LLC,39.1467,-75.5461,61610
"Ennis Power Company, LLC",32.3194,-96.6739,644572
Equus  Power I,40.6447,-73.5683,39009
Erickson,42.6919,-84.6572,1107167
"Escondido Energy Center, LLC",33.1261,-117.1172,7534
Essex,40.7375,-74.1211,701
Essex Power Plant,36.8678,-89.8397,50859
Evander Andrews Power Complex,43.1794,-115.7328,353583
Exelon West Medway II,42.1375,-71.444,133704
Exira Station,41.5131,-94.9189,99841
ExxonMobil Beaumont Refinery,30.0639,-94.0703,2481280
F B Culley Generating Station,37.91,-87.3267,998966
Fairless Energy Center,40.1464,-74.7406,3253712
Faribault Energy Park,44.3353,-93.2894,284902
Fayette Power Company LLC,39.8592,-79.9182,2077890
Feather River Energy Center,39.1088,-121.6133,46659
Ferndale Generating Station,48.8283,-122.6853,511786
Fisk,41.8508,-87.6533,3625
Flint Creek Power Plant,36.2561,-94.5241,2971364
Fore River Energy Center,42.2417,-70.9653,1553196
Forked River Power,39.8154,-74.2098,6130
Forney Power Plant,32.7563,-96.4916,4023806
Fort Churchill,39.1281,-119.1319,385608
Fort Dodge aka Judson Large,37.7328,-99.9497,6459
Fort Martin Power Station,39.7107,-79.9275,5284387
Fort Myers,26.6967,-81.7831,4430841
Fort St. Vrain,40.2461,-104.8742,1396100
Fortistar North Tonawanda Inc,43.0483,-78.8539,28887
Fountain Valley Power Plant,38.5569,-104.6875,69465
Four Corners Steam Elec Station,36.69,-108.4814,10729005
Fox Energy Center,44.3204,-88.2089,1756952
Frank Knutson Station,39.9414,-104.6817,104112
Frank M Tait Station,39.7281,-84.2103,277150
Frederickson Power LP,47.0864,-122.3644,535247
Fredonia Generating Station,48.4553,-122.435,34872
Freedom Power Project,39.1025,-88.8589,1117
Freeport Power Plant No. 2,40.6447,-73.5683,33644
Freestone Power Generation,31.8907,-96.1128,2680230
Fremont Energy Center,41.3781,-83.1647,1663636
"Fresno Cogeneration Partners, LP",36.6183,-120.1,8070
Front Range Power Plant,38.6281,-104.7069,1159247
Frontera Generation Facility,26.208,-98.3992,1406748
Frontier Generating Station,35.442,-97.6477,204714
Fulton,33.6094,-93.7924,44924
G G Allen,35.1897,-81.0122,328771
Gadsby,40.7686,-111.9289,126051
Gadsden,34.0128,-85.9708,1246
Gallatin,36.3156,-86.4006,5156513
Gans Generating Facility,39.7475,-79.8388,84793
Garden City,37.9703,-100.8956,5087
Garrison Energy Center,39.1882,-75.4999,531524
Gateway Generating Station,38.0167,-121.7592,1066816
Gen J M Gavin,38.9347,-82.1158,12337612
George Neal North,42.3251,-96.3797,799270
George Neal South,42.3022,-96.3622,1118382
Georgetown Substation,39.9022,-86.2439,184338
Gerald Andrus,33.3503,-91.1181,523073
Gerald Gentleman Station,41.0808,-101.1408,7796418
Gerald Whelan Energy Center,40.5806,-98.3106,1701382
Germantown Power Plant,43.1952,-88.1496,26503
Ghent,38.7497,-85.035,10811977
Gibson,38.3722,-87.7661,9947608
"Gibson City Energy Center, LLC",40.4705,-88.3987,17678
Gila River Power Station,32.9761,-112.694,4486367
Gilbert Generating Station,40.5661,-75.165,65777
Gilberton Power Company,40.79,-76.1984,938439
"Gilroy Energy Center, LLC",36.999,-121.5363,17838
Gleason Combustion Turbine Plant,36.2454,-88.612,472891
Glenarm,34.1256,-118.1474,29771
Glendive Generating Station,47.0539,-104.74,1294
Glenwood,40.8269,-73.6479,3606
Glenwood Landing Energy Center,40.8275,-73.6478,124881
Goal Line,33.1185,-117.0995,5859
Goldendale Generating Station,45.8114,-120.833,600792
Goose Creek Power Plant,40.1083,-88.5986,3755
Goose Haven Energy Center,38.2271,-121.844,8738
Gordon Evans Energy Center,37.7903,-97.5217,135911
Gordonsville Power Station,38.1245,-78.2031,510649
Graham,33.135,-98.6117,132078
Grand River Dam Authority,36.1906,-95.2889,2481389
Granite Ridge Energy,42.9043,-71.4251,1461137
Grant Town Power Plant,39.5611,-80.1642,828980
Grapeland Generating Station,34.09,-117.534,7849
Gravel Neck Combustion Turbine,37.1575,-76.6911,28793
Grays Ferry Cogen Partnership,39.9417,-75.1883,698470
Grays Harbor Energy Center,46.9688,-123.48,1332374
Grayson Power Plant,34.1556,-118.2782,75899
Great Bend Station aka Arthur Mullergren,38.41,-98.8689,12506
Greater Des Moines Energy Center,41.5563,-93.5283,645222
"Green Country Energy, LLC",35.9833,-95.9346,1397421
Greene County,32.6017,-87.7811,817275
Greenidge Generation LLC,42.6789,-76.9483,343046
Greenland Energy Center,30.1603,-81.5164,349175
Greenleaf One,39.0536,-121.6942,3930
Greensville County Power Station,36.7184,-77.6523,4286145
Greenville Electric Gen Station,40.0747,-84.6147,123572
Greenwood,43.1056,-82.6964,328739
Gregory Power Facility,27.8881,-97.2572,376608
Griffith Energy Project,35.0517,-114.1334,1282441
Groton Generating Station,45.3718,-98.1032,97179
Guadalupe Generating Station,29.6237,-98.1395,2814066
Gulf Clean Energy Center,30.5661,-87.2289,1120164
H F Lee Steam Electric Plant,35.3775,-78.0875,3008713
H L Spurlock,38.7,-83.8175,9003446
H W Pirkey Power Plant,32.4607,-94.4852,3660122
HO Clarke Generating,29.6454,-95.4517,214873
Hagood,32.8265,-79.9634,18460
Hamilton Liberty Generation Plant,41.7674,-76.3899,2443452
Hamilton Patriot Generation Plant,41.8083,-76.8392,2507407
Hancock Peakers,42.5497,-83.4425,14886
Handley Generating Station,32.7278,-97.2186,787425
Handsome Lake Energy,41.2908,-79.8061,57897
Hanford Energy Park Peaker,36.2689,-119.6469,11410
Hanging Rock Power Company LLC,38.5731,-82.7833,4287920
Harbor Generating Station,33.7691,-118.2662,72609
Hardee Power Station,27.6364,-81.9636,8105
Hardin County Peaking Facility,30.3039,-94.2527,89507
Hardin Generating Station,45.7578,-107.6,796910
Hargis-Hebert Electric Generating Statio,30.1694,-91.9923,55139
Harlem River Yard,40.7989,-73.9147,74509
Harrington Station,35.2972,-101.7475,5138541
Harrison County Power Project,32.3958,-94.4361,1185185
Harrison Power Station,39.3844,-80.3325,12787135
Harry Allen,36.425,-114.9,1309619
Harry D. Mattison Power Plant,36.1855,-94.2841,152166
Hartwell Energy Facility,34.3387,-82.8207,212897
Hawk Road Energy Facility,33.3577,-84.9912,538743
"Hawkeye Energy Greenport, LLC",41.1056,-72.3767,28069
Hawthorn,39.1306,-94.4778,3601720
Hay Road,39.7436,-75.5072,708329
Hayden,40.4856,-107.185,3385128
Haynes Generating Station,33.7639,-118.0942,1174477
Hays Energy Facility,29.7806,-97.9894,1571188
Hazleton Generation,40.9282,-76.0416,13621
Helix Ironwood LLC,40.3509,-76.3658,2254756
Hell Gate,40.7988,-73.9093,73633
Henrietta Peaker Plant,36.2397,-119.9044,29106
Henry County Generating Station,39.9528,-85.5039,122147
Herbert A Wagner,39.1781,-76.5268,185500
Hermiston,45.8042,-119.37,1103364
Hermiston Power Plant,45.7934,-119.313,1684950
Hibbard Energy Center,46.7356,-92.1531,274449
Hickory Run Energy Station,40.9951,-80.4301,2515357
High Bridge,44.9331,-93.1075,832710
High Desert Power Project,34.5953,-117.3647,1806391
Hill Top Energy Center,39.8931,-79.9308,1632227
Hillabee Energy Center,33,-85.9031,2121565
Hillburn,41.1269,-74.1653,1346
Hinds Energy Facility,32.3781,-90.2169,1275666
Hines Energy Complex,27.7886,-81.8694,5177444
Hobbs Generating Station,32.7282,-103.3095,1524538
Hog Bayou Energy Center,30.7478,-88.0575,690986
Holcomb,37.9306,-100.9725,1824554
Holden Power Plant,38.7538,-93.9983,149134
Holland Energy Facility,39.2242,-88.7594,886656
Holland Energy Park,42.793,-86.0925,359128
Holtsville Facility,40.8153,-73.0664,37080
Homer City,40.511,-79.1968,3833417
Hoosier Energy Lawrence Co Station,38.8003,-86.4511,38144
Hopewell Cogeneration Facility,37.2914,-77.2821,349553
Hopewell Power Station,37.2969,-77.2833,585212
Horseshoe Lake,35.5089,-97.1789,419084
Hot Spring Energy Facility,34.2963,-92.8683,1471261
Howard M Down,39.4889,-75.0347,41192
Hugo,34.0158,-95.3206,1068497
Hummel Station,40.839,-76.8255,3207976
Hunlock Creek Energy Center,41.2033,-76.0683,344480
Hunlock Unit 4,41.2033,-76.0683,30429
Hunter,39.1747,-111.0289,8220992
Hunterstown Combined Cycle,39.8725,-77.1672,2488221
Huntington,39.3792,-111.0781,6248340
Hutchinson - Plant 2,44.8889,-94.35,10425
IPL - Eagle Valley Generating Station,39.4851,-86.4176,1675444
IPL - Harding Street Station (EW Stout),39.7119,-86.1975,932533
IPL - Petersburg Generating Station,38.5267,-87.2525,8783214
Iatan,39.4472,-94.98,5872957
Indeck-Corinth Energy Center,43.25,-73.8125,295010
Indeck-Niles Energy Center,41.8621,-86.2213,1265294
Indeck-Olean Energy Center,42.0875,-78.4578,54041
Indeck-Oswego Energy Center,43.4682,-76.4965,7214
Indeck-Silver Springs Energy Center,42.6544,-78.0772,8942
Indeck-Yerkes Energy Center,42.9671,-78.9182,8890
Independence,43.495,-76.4508,1579205
Independence,35.6733,-91.4083,5655310
Indian River,38.5857,-75.2341,169755
Indian River (683),28.4933,-80.7825,58608
Indigo Generation Facility,33.9114,-116.5533,20584
Intercession City,28.2628,-81.5486,323429
Intermountain,39.5035,-112.5811,5780885
Interstate,39.8233,-89.5888,905
Irvington Generating Station,32.16,-110.9047,380535
Island Street Peaking Plant,44.2761,-88.2656,8577
Ivanpah 1,35.5356,-115.4515,15767
Ivanpah 2,35.5561,-115.4686,18430
Ivanpah 3,35.5808,-115.4825,13969
J C McNeil,44.4917,-73.2081,375581
J D Kennedy,30.3644,-81.6236,160805
J H Campbell,42.9103,-86.2036,8529969
J K Spruce,29.3091,-98.3205,7718659
J M Shafer,40.0979,-104.7745,438547
J P Madgett,44.3026,-91.9126,2480712
J R Kelly,29.6467,-82.3219,340736
J Robert Massengale Generating Station,33.6039,-101.8408,9026
Jack County Generation Facility,33.101,-97.9574,2367513
Jack McDonough,33.8244,-84.475,7366519
Jackson Generating Station,42.2488,-84.3767,1115996
"Jackson Generation, LLC",41.4388,-88.111,2079325
James H Miller Jr,33.6319,-87.0597,23814854
James River,37.1086,-93.2592,117734
Jasper County Generating Facility,32.3592,-81.1236,2175036
Jeffrey Energy Center,39.2825,-96.1153,10361114
Jim Bridger,41.7378,-108.7875,12155439
John E Amos,38.4731,-81.8233,8077842
John S. Cooper,37,-84.5917,611762
John S. Rainey Generating Station,34.3477,-82.776,2856006
John Sevier,36.3767,-82.9639,1923703
John Twitty Energy Center,37.1519,-93.3892,2741292
John W. Turk Jr. Power Plant,33.6497,-93.8119,3654254
Johnson County Generation Facility,32.3994,-97.4078,523865
Johnsonville,36.0278,-87.9861,638171
Joliet 29,41.4947,-88.125,341042
Joliet 9,41.4947,-88.125,10175
Jones Station,33.5239,-101.7392,1051387
Joppa Steam,37.2103,-88.8606,4254759
KIAC Cogeneration,40.6417,-73.7778,320353
Kalamazoo River Generating Station,42.2797,-85.4922,79020
Kalkaska CT Project #1,44.6889,-85.2019,27566
Kearny Generating Station,40.7375,-74.1,160743
Kemper County,32.7976,-88.6057,118462
Kendall Energy Facility,41.4797,-88.2581,2314819
Kendall Green Energy LLC,42.3633,-71.0792,743791
Keys Energy Center,38.6955,-76.8278,1984574
Keystone,40.6604,-79.3411,5418275
Kincaid Generating Station,39.5906,-89.4964,4106612
King City Power Plant,36.225,-121.1278,34441
Kings Mountain Energy Center,35.1986,-81.3604,1263475
Kingsburg Cogen Facility,36.547,-119.578,8431
Kingston,35.8992,-84.5194,4190938
Kinmundy Power Plant,38.7619,-89.0128,1819
Klamath Cogeneration Project,42.174,-121.8112,1080987
Klamath Generation Peakers,42.1727,-121.8144,20069
Kleen Energy Systems Project,41.5526,-72.597,1002431
Knox Lee Power Plant,32.3766,-94.6415,229033
Kyger Creek,38.9161,-82.1281,6079003
Kyrene Generating Station,33.3544,-111.9364,524873
L V Sutton,34.2824,-77.9864,1647024
LEPA Unit No. 1,29.6913,-91.193,150891
"LSP University Park, LLC",41.4426,-87.7515,122652
La Cygne,38.3472,-94.6389,7339498
La Luz Energy Center,34.6178,-106.817,4647
La Paloma Generating Plant,35.2956,-119.5919,766935
LaPorte Generating Station,29.702,-95.071,145179
Labadie,38.5583,-90.8361,17346253
Lackawanna Energy Center,41.4711,-75.5436,3632452
Ladysmith Combustion Turbine Sta,38.0725,-77.5141,550696
Lagoon Creek,35.6578,-89.3964,1730815
Lake,34.1775,-118.3147,9414
Lake Catherine,34.4341,-92.9046,145033
Lake Charles Power Station,30.2706,-93.2886,2466854
Lake Hubbard,32.8364,-96.5464,418008
Lake Road,39.7246,-94.8773,17368
Lake Road Generating Company,41.8736,-71.8947,2410640
Lake Side Power Plant,40.3311,-111.7547,2819178
Lakefield Junction Generating,43.7984,-94.8415,56970
Lakewood,40.0613,-74.1686,188761
Lamar Power Plant,33.6314,-95.589,2338533
Lambie Energy Center,38.2216,-121.8683,7067
Lange,44.1212,-103.2608,17840
Langley Gulch Power Plant,43.9046,-116.8181,632648
Lansing,43.3359,-91.1672,1197334
Lansing BWL REO Town Plant,42.7197,-84.5518,306260
Lansing Smith Generating Plant,30.2689,-85.7003,1928832
Laramie River,42.1103,-104.8828,12604199
Laredo,27.5667,-99.5083,20287
Larkspur Energy Faciity,32.5672,-116.9444,20769
Las Vegas Generating Station,36.2317,-115.1235,150689
Laskin Energy Center,47.5306,-92.1619,99839
Lauderdale,26.0681,-80.1983,1653298
Lawrence Energy Center,39.0072,-95.2692,2399065
Lawrenceburg Energy Facility,39.0913,-84.8667,3740899
"Lee County Generating Station, LLC",41.8287,-89.4054,62787
Leland Olds,47.2819,-101.3194,4795165
Leon Creek,29.3511,-98.5753,89874
Lewis Creek,30.4364,-95.5215,1166483
Liberty Electric Power Plant,39.8622,-75.3361,1561494
Lieberman Power Plant,32.7047,-93.9597,94832
Lime Creek,43.2481,-93.2046,2667
Limestone,31.4219,-96.2525,8453805
Limon Generating Station,39.2038,-103.7005,86981
Lincoln Combustion Turbine,35.4317,-81.0347,135974
Lincoln Generating Facility,41.3937,-87.9437,1736
Linden Cogeneration Facility,40.6322,-74.2156,2983940
Linden Generating Station,40.6225,-74.2097,2215415
Little Gypsy,30.0033,-90.4611,577525
Live Oak Limited,35.4837,-119.0298,41708
Livingston Generating Station,45.0291,-84.7332,13143
Lockport,43.1622,-78.7453,107403
Lodi Energy Center,38.088,-121.3867,361969
Logan Generating Plant,39.7914,-75.4081,263170
Lon D Wright Power Plant,41.4275,-96.4619,350178
Lonesome Creek Station,47.7966,-103.5783,372105
Long Beach Generating Station,33.7641,-118.2248,16244
Long Ridge Energy Generation,39.6692,-80.8667,971012
Longview Power,39.7078,-79.9588,4321201
Lordsburg Generating Station,32.3494,-108.6975,45055
Los Esteros Critical Energy Facility,37.425,-121.9319,96020
"Los Medanos Energy Center, LLC",38.03,-121.8708,1625738
Lost Pines 1,30.1478,-97.27,916829
Louisa,41.3153,-91.0936,3469132
Louisa Generation Facility,38.1181,-78.2139,168789
Louisiana 1,30.4903,-91.1875,2309285
"Lower Mount Bethel Energy, LLC",40.8011,-75.105,1800469
Luna Energy Facility,32.2983,-107.78,1398072
MASSPOWER,42.156,-72.5292,119730
MPC Generating,33.8122,-83.6954,104013
Maddox,32.7131,-103.31,146823
Madison Generating Station,39.4522,-84.465,494105
Magic Valley Generating Station,26.3403,-98.19,1040953
Magnet Cove Generating Station,34.4304,-92.8333,1366309
Magnolia Combined Cycle Plant,34.8358,-89.2017,2284972
Magnolia Power Project,34.1788,-118.3153,671213
Maine Independence Station,44.8236,-68.7106,293754
Malaga Power,36.6894,-119.7399,10476
Malburg Generating Station,33.9983,-118.2219,235752
Manatee,27.6058,-82.3456,2677641
Manchester Street Station,41.8167,-71.4042,510227
Manchief Generating Station,40.2201,-103.679,139878
Manitowoc,44.082,-87.6558,392497
Mankato Energy Center,44.1965,-94.0099,798320
"Marcus Hook Energy, LP",39.8083,-75.4225,2293860
Marion,37.6206,-88.955,1237480
Mariposa Energy Project,37.7965,-121.6049,57303
Marsh Landing Generating Station,38.0171,-121.7651,94266
Marsh Run Generation Facility,38.5283,-77.7681,223460
Marshall,35.5975,-80.9658,5775498
Marshall County,37.0286,-88.3958,318925
Marshalltown Generating Station,42.04,-92.87,1209063
Marshfield Utilities Combustion Turbine,44.635,-90.135,6153
Martin,27.0536,-80.5628,4028702
Martin Drake,38.8244,-104.8331,156850
Martin Lake,32.2597,-94.5703,14579129
"Martins Creek, LLC",40.796,-75.107,187458
Massena Energy Facility,44.9503,-74.8928,293
Mayo,36.5278,-78.8917,1506578
McCartney Generating Station,37.2479,-93.1709,65002
McClain Energy Facility,35.2979,-97.5896,957556
McClellan,33.5648,-92.7917,31192
McGrath Generating Station,34.2054,-119.2478,19679
McIntosh (6124),32.3558,-81.1683,90153
McIntosh (7063),31.2546,-88.0299,547801
McIntosh Combined Cycle Facility,32.3478,-81.1828,3339856
McKinley Paper WI Company,44.2717,-88.3011,188140
McKittrick Limited,35.3195,-119.662,6465
McMeekin,34.0533,-81.2178,408757
McPherson Municipal Power Plant #3,38.3864,-97.61,22361
McWilliams,31.4001,-86.4767,1679034
Meramec,38.4017,-90.3358,229287
Merom,39.0694,-87.5108,5934203
Merrimack,43.1411,-71.4692,363457
Mesquite Generating Station,33.3451,-112.8638,3042391
Metcalf Energy Center,37.2169,-121.7439,1022834
Miami Fort Power Station,39.1131,-84.8031,6576076
Michigan City Generating Station,41.7203,-86.9097,1635741
Michigan Power Limited Partnership,43.94,-86.4247,593389
Mickleton Energy Center,39.8139,-75.2508,4348
Mid-Georgia Cogeneration,32.4853,-83.6036,227490
Middletown,41.5544,-72.5793,198291
Middletown Energy Center,39.4679,-84.3531,1425670
Midlothian Energy,32.4302,-97.0537,2278590
Midulla Generating Station,27.6417,-81.9625,1656436
Midway Peaking,36.654,-120.5797,15580
Milford Power Company LLC,41.2239,-73.1,1617066
"Milford Power, LLC",42.1292,-71.5122,77666
Mill Creek,38.0531,-85.91,7726437
Mill Creek Combustion Turbine Station,35.1597,-81.4306,103842
Millcreek Power,37.1124,-113.5155,94726
Millennium Power,42.1127,-72.0152,488838
Milton R Young,47.0664,-101.2139,4978994
Minnesota River Station,44.795,-93.5808,565
Mint Farm Generating Station,46.1403,-122.9842,726076
Mira Loma Generating Station,34.0054,-117.5604,17134
Miramar Energy Facility,32.8769,-117.1664,20378
Mitchell (WV),39.8297,-80.8153,4045726
Monroe,41.8917,-83.3461,16290016
Montana Power Station,31.8239,-106.2119,428718
Montgomery County Power Station,30.4358,-95.5206,2655045
"Montour, LLC",41.0714,-76.6672,1341227
Montpelier Electric Gen Station,40.6206,-85.3057,224353
Montville,41.4281,-72.1019,106282
Mooreland,36.4375,-99.2208,75216
Morgan Energy Center,34.6397,-87.0639,2290074
Morgantown,38.3592,-76.9767,1390002
Moselle Generation Complex,31.5289,-89.2992,654642
Moss Landing Power Plant,36.8042,-121.7775,2092342
Mount Storm Power Station,39.2014,-79.2667,4994593
Mountain,40.1219,-77.1761,6446
Mountain Creek Generating Station,32.7253,-96.9361,421555
Mountaineer (1301),38.9794,-81.9344,5470203
Mountainview Generating Station,34.0836,-117.2408,1646915
Moxie Freedom Generation Plant,41.1117,-76.16,1764330
Mt. Carmel Cogeneration,40.8092,-76.4539,144309
Mulberry Cogeneration Facility,27.8489,-81.8775,189037
Muscatine,41.3917,-91.0569,1372094
Muskogee,35.7617,-95.2847,2055674
Mustang,35.4711,-97.6733,503974
Mustang Station,32.9728,-102.7417,680425
Mustang Station (56326),32.9748,-102.7432,538459
Mystic,42.3917,-71.0667,711917
NCEMC Anson Plant,34.9708,-79.9208,227500
NCEMC Hamlet Plant,34.8422,-79.7367,119929
NCPA Combustion Turbine Project #2,38.088,-121.3871,4147
Nacogdoches Generating Facility,31.8326,-94.9006,623343
Nassau Energy Corporation,40.7259,-73.5885,81460
Naughton,41.7572,-110.5986,2674127
Nearman Creek,39.1714,-94.6958,1607759
Nebo Power Station,40.0614,-111.7294,185644
Nebraska City Station,40.6215,-95.7765,7584304
Neenah Energy Facility,44.1934,-88.5055,334262
Neil Simpson II,44.2853,-105.3841,877063
Neil Simpson II (CT2),44.2853,-105.3841,14360
Nelson Energy Center,41.7749,-89.6067,1133146
New Castle,40.9378,-80.3681,348465
New Covert Generating Project,42.3231,-86.2925,3118851
New Gulf Power Facility,29.2639,-95.8997,13
New Harquahala Generating Company,33.4759,-113.1133,1128210
New Haven Harbor,41.2836,-72.9042,64893
New Madrid Power Plant,36.5147,-89.5617,7459852
Newark Bay Cogen,40.7197,-74.13,5849
Newark Energy Center,40.7082,-74.1284,1743600
Newington,43.0974,-70.7834,134065
Newington Energy,43.1047,-70.8044,640175
Newman Power Station,31.9858,-106.4322,1863341
Newton,38.9361,-88.2778,3849584
Nichols Station,35.2825,-101.7458,508955
Niland Gas Turbine Plant,33.2432,-115.498,59079
Ninemile Point,29.9472,-90.1458,4439437
Nissequogue Energy Center,40.9168,-73.1292,189739
Noblesville,40.0969,-85.9714,687879
Nodaway Power Plant,40.2877,-94.7913,15046
North 1st,40.7168,-73.9665,45636
North Omaha Station,41.3297,-95.9458,2085303
North Valmy,40.8831,-117.1542,1749202
Northampton Generating Plant,40.6917,-75.4792,601721
Northeastern,36.4317,-95.7008,4114158
Northport,40.9231,-73.3417,1954440
Northside,30.4172,-81.5525,3208757
Nueces Bay,27.8182,-97.4189,704888
O W Sommers,29.3078,-98.3244,955327
Oak Grove,31.185,-96.4853,13877679
Ocean Peaking Power,40.0606,-74.1672,116943
Ocean State Power,42.0099,-71.6701,384873
Ocean State Power II,42.0099,-71.6701,354629
Ocotillo Power Plant,33.4225,-111.9122,425044
Odessa Ector Generating Station,31.8378,-102.3278,2434856
"Odyssey Energy Altura Cogen, LLC",29.8169,-95.1086,2111730
Okeechobee Clean Energy Center,27.6342,-80.7911,3551439
Oleander Power Project,28.3661,-80.7947,257438
Omega JV2 Bowling Green,41.3883,-83.6406,635
Omega JV2 Hamilton,39.3528,-84.5183,893
Oneta Energy Center,36.0119,-95.6967,1837465
Ontelaunee Energy Center,40.4219,-75.9353,1758823
Orange Cogeneration Facility,27.8708,-81.8253,187327
Orange Grove Project,33.359,-117.111,12493
Oregon Clean Energy Center,41.6679,-83.4437,2301852
Orlando CoGen,28.4422,-81.4119,483993
"Ormond Beach Power, LLC.",34.1292,-119.1689,208408
Osawatomie Generating Station,38.5325,-94.9042,31244
Osceola,28.1289,-81.0978,8567
Osprey Energy Center,28.0525,-81.8083,816053
Oswald Generating Station,34.5923,-92.2166,445471
Oswego Harbor Power,43.46,-76.53,60035
"Otay Mesa Energy Center, LLC",32.5733,-116.9153,1102111
Ottumwa,41.0961,-92.5556,4087425
Ouachita Plant,32.7056,-92.0697,1938575
P L Bartow,27.8613,-82.6012,2958247
PEI Power Corporation,41.4844,-75.5403,37165
Paddy's Run,38.2147,-85.8453,60097
Paducah Power Systems Plant 1,37.0339,-88.6161,89996
Palomar Energy Center,33.1192,-117.118,997586
Panda Sherman Power Station,33.5756,-96.6158,1410827
Panoche Energy Center,36.6513,-120.5833,400951
Paradise,37.2608,-86.9783,2816231
Paris,42.6658,-88.0131,200461
Paris Energy Center,33.6968,-95.5577,352811
Pasadena Power Plant,29.7233,-95.1769,1650380
Pastoria Energy Facility,34.9556,-118.844,1503257
Pawnee,40.2217,-103.6803,3038862
Pedricktown Cogeneration Plant,39.7661,-75.4242,7616
Peno Creek Energy Center,39.3531,-91.2295,88522
Permian Basin,31.5839,-102.9636,102527
Perryman,39.4422,-76.2208,220785
Perryville Power Station,32.6914,-92.0192,1158261
Pinckneyville Power Plant,38.1114,-89.3467,19888
Pine Bluff Energy Center,34.2181,-91.9025,762054
Pinelawn Power,40.7358,-73.3881,81544
Pio Pico Energy Center LLC,32.5739,-116.9178,48299
Pioneer Generating Station,48.2325,-103.9528,192724
Plant H. Allen Franklin,32.6094,-85.0961,4874870
Plant Rowan County,35.7325,-80.6019,2016935
Plant X,34.1661,-102.4114,337839
Plaquemine Cogen Facility,30.3215,-91.2392,3711328
Platte,40.8538,-98.3481,602654
Pleasant Hill Energy Center,41.5572,-93.5242,2480
Pleasant Valley Station,43.7997,-92.6819,86995
"Pleasants Energy, LLC",39.3328,-81.3639,572191
Pleasants Power Station,39.3668,-81.2944,8446479
Plum Point Energy Station,35.6626,-89.9469,4882488
Poletti 500 MW CC,40.7881,-73.9056,1118232
Polk,27.7286,-81.9897,2973825
Ponca,36.7205,-97.0868,24559
Port Comfort Peaking Facility,28.648,-96.5457,56449
Port Everglades,26.0856,-80.1253,2789469
Port Jefferson Energy Center,40.9503,-73.0786,308450
Port Washington Generating Station,43.3842,-87.8689,3142120
Port Westward,46.1792,-123.1717,961835
Portland,40.91,-75.0789,6621
Possum Point Power Station,38.5367,-77.2806,777459
"Potomac Energy Center, LLC",39.0578,-77.5425,1444186
Potter,42.235,-70.9672,22893
Pouch Terminal,40.6188,-74.069,38639
Power Lane Steam Plant,33.1707,-96.1264,21698
Powerton,40.5408,-89.6786,6314958
Prairie Creek,41.9439,-91.6386,350740
Prairie State Generating Station,38.2792,-89.667,11945332
Procter and Gamble Power Plant,38.5306,-121.399,353798
Pueblo Airport Generating Station,38.322,-104.533,593345
Pulliam,44.5397,-88.0083,93088
Pyramid Generating Station,32.2363,-108.5494,45192
Quail Run Energy Center,31.8414,-102.315,720701
R D Green,37.6467,-87.5006,792532
R D Morrow Senior Generating Plant,31.2194,-89.3933,42508
R M Heskett,46.8669,-100.8839,56708
R M Schahfer Generating Station,41.2175,-87.0239,2811187
R S Cogen LLC,30.221,-93.2826,1706595
R S Nelson,30.2861,-93.2917,2650639
R W Miller,32.6581,-98.3103,258871
Raccoon Creek Power Plant,38.6996,-88.5392,1838
Rathdrum Combustion Turbine Project,47.8034,-116.869,116094
"Rathdrum Power, LLC",47.7861,-116.9214,701842
"Rausch Creek Generation, LLC",40.6191,-76.45,423706
Ravenswood Generating Station,40.7585,-73.9451,1039879
Rawhide Energy Station,40.8611,-105.0206,2222502
Ray D Nixon,38.6306,-104.7056,1311281
Ray Olinger,33.0667,-96.4519,49427
Red Hills Generation Facility,33.3761,-89.2183,3727628
"Red Oak Power, LLC",40.4481,-74.3497,1344694
Redbud Power Plant,35.6853,-97.2242,1819201
Redding Power Plant,40.5083,-122.4253,207025
Redhawk Generating Facility,33.33,-112.84,2096469
Reedy Creek Central Energy Plant,28.4272,-81.5803,1503
Reeves Generating Station,35.1716,-106.6019,158053
Remington Combustion Turbine Station,38.5447,-77.7707,441692
Renaissance Power,43.1864,-84.8429,229263
Rensselaer Cogen,42.63,-73.75,37402
Rhode Island State Energy Center,41.8017,-71.5186,1372636
Richard M Flynn (Holtsville),40.8153,-73.0644,359947
Richland Peaking Station,41.3033,-84.3386,210630
Richmond,39.9853,-75.0733,6794
Richmond (IN),39.8383,-84.9665,10864
Richmond County Plant,34.8422,-79.7444,4572767
Rio Bravo Generating Station,35.026,-106.644,184414
Rio Grande,31.8047,-106.5472,395843
"Rio Nogales Power Project, LP",29.5932,-97.9724,1905573
Ripon Generation Station,37.7315,-121.116,14594
River Road,45.65,-122.7231,720093
River Valley,35.1931,-94.6458,959967
Riverside (1927),45.0203,-93.2753,632934
Riverside (4940),35.9978,-95.9567,626316
Riverside Energy Center,42.5835,-89.0351,2394435
Riverside Energy Resource Center,33.9636,-117.4528,50850
Riverside Generating Company,38.1933,-82.6042,432339
Riverton,37.0719,-94.6986,656989
Riverview Energy Center,38.0145,-121.7901,11490
Riviera Beach Energy Center,26.7653,-80.0528,2545493
Robert P Mone,40.9297,-84.7392,350158
Robins,32.5806,-83.5831,11874
Rock Springs Generating Facility,39.7183,-76.1606,143424
Rockford Energy Center,42.2403,-89.1025,48360
Rockford II Energy Center,42.2383,-89.1014,36780
Rockgen Energy Center,42.9767,-89.0492,417689
Rockingham County Combustion Turbine,36.3297,-79.8297,910813
Rockport,37.9256,-87.0372,7024803
Rocky Mountain Energy Center,40.0911,-104.5947,1261060
"Rocky Road Power, LLC",42.0931,-88.2397,12917
Rokeby,40.7316,-96.7364,49076
Roland C. Dansby Power Plant,30.7217,-96.4599,132423
Rolling Hills Generating LLC,39.0839,-82.3328,920133
Rosemary Power Station,36.4525,-77.6594,1542
Roseton Generating LLC,41.5711,-73.9739,359257
Roseville Energy Park,38.7926,-121.3823,299654
Rothschild Biomass Cogeneration Facility,44.8878,-89.6298,534902
Roxboro,36.4833,-79.0731,5908720
Rumford Power,44.5303,-70.5219,189862
Rush Island,38.1306,-90.2625,4962848
Russell City Energy Company LLC,37.6341,-122.1326,455369
S A Carlson,42.0917,-79.2417,42882
S O Purdom,30.1619,-84.2014,641779
SABIC Innovative Plastics - Burkville,32.3102,-86.5242,324875
SJRR Power Peaking Facility,29.8819,-95.1114,11317
SRO Cogen Limited Partnership,30.0561,-93.7539,1646408
Sabine,30.0242,-93.875,1874449
Salem Harbor Station NGCC,42.5256,-70.8784,244646
Salinas River Cogeneration Facility,35.9515,-120.8679,223849
Sam Rayburn Plant,28.8947,-97.1347,190706
Sam Seymour,29.9172,-96.7506,11534368
San Jacinto County Peaking Facility,30.42,-95.0114,70174
San Jacinto Steam Electric Station,29.6967,-95.0411,594568
San Juan,36.8006,-108.4386,4066778
San Miguel,28.7044,-98.4781,2722754
Sand Hill Energy Center,30.2091,-97.6139,805362
Sandy Creek Energy Station,31.4753,-96.9564,4637186
Sanford,28.8419,-81.3256,3791175
Santa Rosa Energy Center,30.5661,-87.115,584212
Santan,33.3333,-111.751,1380533
"Saranac Power Partners, LP",44.7132,-73.4557,56125
Sarpy County Station,41.1706,-95.9692,75158
Sayreville,40.4753,-74.3552,6014
Sayreville Power LP,40.439,-74.3444,341301
Scattergood Generating Station,33.9175,-118.4258,837570
Scherer,33.0583,-83.8072,8935773
Scrubgrass Generating Plant,41.2678,-79.8114,613140
Selkirk Cogen Partners,42.5744,-73.8592,182281
Seminole (136),29.7333,-81.6339,6354376
Seminole (2956),34.9678,-96.7242,1012984
"Sentinel Energy Center, LLC",33.9366,-116.5722,301773
Seward,40.4081,-79.0339,3153638
Sewaren Generating Station,40.5564,-74.2461,1097216
Sewell Creek Energy,33.9486,-85.2769,316204
Shady Hills,28.3665,-82.5591,448248
Shawnee,37.1517,-88.775,7506717
Shawville,41.067,-78.3656,716515
Sheboygan Falls Energy Facility,43.7519,-87.8783,262660
Shelby County,39.2794,-88.4772,78082
Sheldon,40.5589,-96.7842,1237654
Shell Chemical Appalachia LLC,39.6715,-80.3363,858699
Sherburne County,45.3792,-93.8958,11477185
Sherman Avenue,39.451,-75.0578,17702
Shoemaker,41.4278,-74.4186,466
Shoreham Energy,40.9572,-72.8664,16424
Sikeston,36.8791,-89.6209,1777685
Silas Ray,25.9131,-97.5214,46523
Silver Creek Generating Plant,31.6004,-89.9468,57915
Silverhawk,36.4078,-114.9603,842594
Sim Gideon,30.1456,-97.2708,555538
Sioux,38.9158,-90.2917,4214541
Smarr Energy Facility,32.9856,-83.8464,221914
Smith Generating Facility,37.8824,-84.1025,533967
Solway Plant,47.5444,-95.1297,52951
Sooner,36.4537,-97.0527,2996462
"South Field Energy, LLC",40.635,-80.6793,3320759
South Fond Du Lac,43.7353,-88.4968,73420
South Harper Peaking Facility,38.6803,-94.4824,121022
South Houston Green Power Site,29.3775,-94.9328,2785051
South Oak Creek,42.8457,-87.8294,4153497
"South Point Energy Center, LLC",34.8678,-114.5317,773397
Southampton Power Station,36.6525,-76.9953,567216
Southaven Combined Cycle Plant,34.9939,-90.039,1915894
Southwestern,35.1009,-98.3524,608416
Sowega Power Project,31.3869,-84.0814,47663
Spencer,33.1978,-97.1067,21679
Spindle Hill Energy Center,40.0914,-104.8819,60701
Spiritwood Station,46.925,-98.5,481294
Spring Creek Power Plant,35.7422,-97.655,68862
Springdale Generating Station (55196),40.5447,-79.7678,95747
Springdale Generating Station (55710),40.5456,-79.7669,1679259
Springerville Generating Station,34.3186,-109.1636,8200211
"Spruance Genco, LLC",37.4556,-77.4308,370929
St. Charles Power Station,30.0051,-90.4617,2344568
St. Clair,42.7642,-82.4719,1865904
St. Francis Power Plant,36.5852,-90.1779,581657
St. Joseph Energy Center LLC,41.6996,-86.4814,2039775
St. Nicholas Cogeneration Project,40.8222,-76.1736,1244885
Stanton A,28.4881,-81.1675,1353061
Stanton Energy Reliability Center,33.807,-117.9864,1477
State Line (MO),37.0659,-94.614,1029503
Sterling Power Plant,43.0803,-75.6003,1952
Sterlington,32.7047,-92.0792,3430
Stock Island,24.5636,-81.7342,2256
Streeter Station,42.5267,-92.4394,7860
Stryker Creek,31.9381,-94.9883,191415
Sugar Creek Generating Station,39.3922,-87.5103,1467176
Sumas Generating Station,48.9905,-122.2733,238904
Summit Lake,41.1141,-94.3499,4835
Sumpter Plant,42.167,-83.5318,187507
Sun Peak Generating Station,36.1392,-115.034,26734
Sundance Power Plant,32.9285,-111.5899,243023
Sunrise Power Company,35.2097,-119.585,1169530
Sweeny Cogeneration Facility,29.0728,-95.745,2855359
Sylvarena Generating Plant,31.9842,-89.4131,141580
"Syracuse, LLC",43.0667,-76.2246,1740
T C Ferguson Power Plant,30.558,-98.3705,1255183
T H Wharton,29.9414,-95.5333,533069
T J Labbe Electric Generating Station,30.2554,-92.0433,61919
TS Power Plant,40.7458,-116.5297,1399009
Taft Cogeneration Facility,29.9861,-90.4575,2634617
Tait Electric Generating Station,39.7286,-84.2106,580945
Talbot Energy Facility,32.5892,-84.6917,432278
"Tanner Street Generation, LLC",42.6308,-71.3133,12741
Tasley Energy Center,37.7061,-75.7031,3388
Teche Power Station,29.8223,-91.5427,186492
Tejas Power Generation Unit 1,29.6464,-95.4518,55954
Temple Power Station,31.0558,-97.3172,3245821
Tenaska Frontier Generating Station,30.5924,-95.9178,1879122
Tenaska Gateway Generating Station,32.0164,-94.6189,1721631
Tenaska Georgia Generating Station,33.3516,-84.9996,477015
Tenaska Kiamichi Generating Station,34.6831,-95.9349,2351269
Tenaska Lindsay Hill Generating Station,32.6514,-86.7386,1329536
Tenaska Virginia Generating Station,37.8667,-78.3813,1592749
Tenaska Westmoreland Generating Station,40.1764,-79.6934,2811958
Terry Bundy Generating Station,40.9108,-96.6147,116028
Texas City Cogeneration,29.3787,-94.944,922131
Theodore Cogeneration,30.5248,-88.1289,638120
Thomas A. Smith Energy Facility,34.7094,-84.9182,3517984
Thomas Fitzhugh,35.4617,-93.8053,251638
Thomas Hill Energy Center,39.5531,-92.6392,7689858
Tiger Bay,27.7447,-81.85,543351
Tilton Power Station,40.1063,-87.6539,25684
"Tiverton Power, LLC",41.6417,-71.17,446484
Tolk Station,34.1847,-102.5686,2999379
Tolna,39.7636,-76.6345,3834
Tom G Smith,26.6125,-80.0678,41
Topaz Generating,29.4262,-94.9767,407808
Tracy,39.5625,-119.525,1713152
Tracy Combined Cycle Power Plant,37.7107,-121.4906,185821
Treasure Coast Energy Center,27.3839,-80.3775,877128
Trenton Channel,42.1236,-83.1811,682270
Trimble County,38.5847,-85.4117,9529904
Trinidad,32.1264,-96.1014,60559
"Troy Energy, LLC",41.4774,-83.4616,650714
Tulsa,36.1125,-95.9917,211509
Turkey Point,25.4356,-80.3308,2554498
Twin Oaks,31.0932,-96.6965,3140364
Union Power Station,33.2961,-92.5933,5526411
University Park Energy,41.4405,-87.7528,49901
University of Florida,29.6397,-82.3486,191599
Urquhart,33.435,-81.9111,954565
V H Braunig,29.2575,-98.3828,2242516
Valencia Power Plant,34.6063,-106.732,50002
Valley (WEPCO),43.0303,-87.9233,508510
Valley Energy Center,41.413,-74.435,1953592
Valley Generating Station,34.2481,-118.3903,869217
Valmont Combustion Turbine Facility,40.0197,-105.202,5522
Van Sant,39.15,-75.5466,1322
Vandolah Power Project,27.5242,-81.9236,927047
Venice,38.6642,-90.1764,14103
Vermillion Generating Station,39.9208,-87.445,360522
Vernon Boulevard,40.7539,-73.9506,79120
Victoria City Peaking Facility,28.7853,-97.0093,17279
Victoria Port Peaking Facility,28.6958,-96.9454,27380
Victoria Port Power II Peaking Facility,28.6967,-96.9449,60856
Victoria Power Station,28.7883,-97.01,456872
Vienna,38.4878,-75.8208,13753
Virginia City Hybrid Energy Center,36.9161,-82.3381,1522163
W A Parish,29.4783,-95.6358,13584767
W H Sammis,40.5308,-80.6311,6607928
W H Weatherspoon,34.5889,-78.975,3181
W H Zimmer Generating Station,38.8689,-84.2286,3356178
W S Lee,34.6022,-82.435,2028029
Wabash River Gen Station,39.53,-87.4247,71230
Wabash River Highland Plant,39.5326,-87.4262,71230
Wading River Facility,40.9569,-72.8774,23623
"Wallingford Energy, LLC",41.4486,-72.8358,48462
Walnut Creek Energy Park,34.0078,-117.9425,268250
Walnut Energy Center,37.4878,-120.8956,726857
Walter M. Higgins III Generating Station,35.6139,-115.3561,1202304
Walter Scott Jr. Energy Center,41.18,-95.8408,7212628
Walton County Power,33.8147,-83.6969,461965
Wansley (6052),33.4124,-85.0345,4807884
Wansley (7946),33.4082,-85.0399,1008572
Wansley CC (55965),33.4063,-85.0373,3704407
Warren,41.8358,-79.19,7608
Warren County Power Station,38.9705,-78.1777,3142028
Warren F. Sam Beasley Pwr Station,39.2798,-75.6246,42726
Washington County Cogen (Olin),31.2622,-88.0052,500591
Washington County Power,33.0917,-82.9803,277238
Washington Parish Energy Center,30.7914,-89.9092,207218
Washington Power Company LLC,39.5798,-81.6571,2156631
Waterbury Generation,41.5444,-73.0416,25983
Wateree,33.8264,-80.6218,1938722
Waterford 1 & 2,29.9994,-90.4758,243265
Waterford Plant,39.5314,-81.7172,2780761
Watson Electric Generating Plant,30.4408,-89.0265,1581041
Waukegan,42.3833,-87.8133,1526431
Welsh Power Plant,33.0583,-94.844,5155186
West Babylon Facility,40.6953,-73.3497,64
West Campus Cogeneration Facility,43.0751,-89.4251,251227
West County Energy Center,26.6986,-80.3747,7563492
West Deptford Energy Station,39.8418,-75.2214,843192
West Gardner Generating Station,38.7878,-94.985,129824
West Lorain,41.4297,-82.2633,440862
West Marinette,45.0869,-87.6881,195819
West Springfield,42.0956,-72.5958,804
West Valley Power Plant,40.6663,-112.031,309830
Westbrook Energy Center,43.6576,-70.3772,1012112
Weston,44.8606,-89.6553,4184962
Wheatland Generating Facility LLC,38.6716,-87.2931,49332
White Bluff,34.4236,-92.1392,6241595
Whitewater Cogeneration Facility,42.8543,-88.7297,463588
Whitewater Valley,39.8028,-84.8953,72765
"Whiting Clean Energy, Inc.",41.6739,-87.4778,1414290
Wildcat Point Generation Facility,39.7194,-76.1616,1639950
Wilkes Power Plant,32.8486,-94.5469,630168
Will County,41.6334,-88.0626,392018
William F Wyman,43.75,-70.1569,218462
Williams,33.0163,-79.9285,1854589
Winchester Power Park,30.0253,-96.9945,49977
Winyah,33.3303,-79.3611,2862903
"Wise County Power Company, LLC",33.0583,-97.9103,1247628
Wolf Hills Energy,36.6644,-82.1044,25210
Wolf Hollow Generating Station,32.3347,-97.7344,1102450
Wolf Hollow II,29.2888,-96.066,2455483
Wolfskill Energy Center,38.2282,-122.076,6072
Woodbridge Energy Center,40.515,-74.3192,1761623
Woodland Generation Station,37.6528,-121.0172,159174
Woodsdale,39.4492,-84.4611,116535
Worthington Generation,39.0717,-87.0128,48083
Wyandotte,42.2081,-83.1453,591
Wygen I,44.2862,-105.3843,917404
Wygen II,44.2911,-105.3815,958828
Wygen III,44.2892,-105.3795,981297
Wyodak,44.2886,-105.3847,2353445
Yates,33.4622,-84.8986,960924
York Energy Center,39.738,-76.3072,3198373
Yorktown Power Station,37.2144,-76.4611,34295
Yuba City Energy Center,39.1365,-121.6397,45043
Yucca Power Plant,32.7214,-114.7097,178221
Yuma Cogeneration Associates,32.7286,-114.6542,25954
Zeeland Generating Station,42.82,-85.9988,2118086
Zion Energy Center,42.4776,-87.895,222882
